term,kind,notes
nagdugo,injury,bleeding
nagdurugo,injury,bleeding
duguan,injury,covered in blood
nasamdan,injury,injured (waray)
nasamad,injury,injured
samdan,injury,injured
sugatan,injury,wounded
nabalian,injury,fractured
napilay,injury,limping / sprained
napiang,injury,crippled / broken limb
naghigda,injury,lying down
nakahigda,injury,lying down
nakahandusay,injury,collapsed on the ground
luspad,medical,pale
namumutla,medical,turning pale
dughan,medical,chest
nalumos,medical,drowning
nalunod,medical,drowned
nakuryente,medical,electrocuted
unconscious,medical,
unresponsive,medical,
namatay,fatality,died
patay,fatality,dead
naipit,entrapment,pinned / trapped
natabunan,entrapment,buried under
nabaon,entrapment,buried
trapped,entrapment,
kumakalat,spread,spreading (tagalog)
nagkakalat,spread,spreading
nagsangyaw,spread,spreading (waray)
nagdako,spread,getting bigger
spreading,spread,
gasolina,hazard,petrol
gasoline,hazard,
nagtagas,hazard,leaking
tumatagas,hazard,leaking
nagtutulo,hazard,dripping
balay,structure,house (waray/cebuano)
bahay,structure,house (tagalog)
kabalayan,structure,houses
balayan,structure,houses
eskwelahan,structure,school
tindahan,structure,store
apartment,structure,
building,structure,
baril,weapon,gun
armas,weapon,
kutsilyo,weapon,knife
sundang,weapon,bolo
sanggot,weapon,sickle
garab,weapon,sickle
granada,weapon,grenade
ambulansya,agency,ambulance
ambulance,agency,
motubag,unresponsive,not answering (cebuano) - heard as 'motobag'
nagbabaton,unresponsive,not answering (waray)
sumasagot,unresponsive,answering (tagalog)
gumagalaw,unresponsive,moving (tagalog)
ginhawa,unresponsive,breath
reaksyon,unresponsive,reaction
nalumos,medical,drowning
