term,language,english_gloss,usage_note
didi,waray,here,Location deixis - no barangay named
dre,waray,here,Colloquial variant of didi
ha amon,waray,at our place,Implies reporter's own barangay - resolve via account profile
sa amoa,cebuano,at our place,Cebuano equivalent
kuya,tagalog,older brother/man,Kinship term used for strangers - not a name
mang,tagalog,sir/mister,Honorific prefix - strip during de-identification
manong,waray,older man,Honorific - not a name
grabe,mixed,severe/intense,Intensity marker - useful severity signal
dili na,cebuano,no longer,Negation
waray na,waray,no longer / none,Negation - do not confuse with the language name
